SiteId,SiteName,County,ItemId,ItemName,ItemEngName,ItemUnit,MonitorDate,Concentration
67,三重,新北市,14,溫度,AMB_TEMP,℃,2022-01-01 03:00,15.8
2,汐止,新北市,144,小時風向值,WD_HR,degrees,2022-01-03 00:00,67.0
8,菜寮,新北市,3,臭氧,O3,ppb,2022-01-01 03:00,34.2
67,三重,新北市,9,非甲烷碳氫化合物,NMHC,ppm,2022-01-01 03:00,0.14
2,汐止,新北市,23,雨量,RAINFALL,mm,2022-01-03 00:00,0.0
2,汐止,新北市,143,小時風速值,WS_HR,m/sec,2022-01-03 00:00,1.0
4,新店,新北市,2,一氧化碳,CO,ppm,2022-01-01 03:00,0.21
8,菜寮,新北市,2,一氧化碳,CO,ppm,2022-01-01 03:00,0.31
8,菜寮,新北市,33,細懸浮微粒,PM2.5,μg/m3,2022-01-01 03:00,9
67,三重,新北市,8,總碳氫化物,THC,ppm,2022-01-01 03:00,2.29
2,汐止,新北市,7,二氧化氮,NO2,ppb,2022-01-03 00:00,14.0
2,汐止,新北市,14,溫度,AMB_TEMP,℃,2022-01-03 00:00,16.6
2,汐止,新北市,33,細懸浮微粒,PM2.5,μg/m3,2022-01-03 00:00,19.0
2,汐止,新北市,38,相對濕度,RH,%,2022-01-03 00:00,91.0
3,萬里,新北市,7,二氧化氮,NO2,ppb,2022-01-01 00:00,2
2,汐止,新北市,23,雨量,RAINFALL,mm,2022-01-01 03:00,0.5
3,萬里,新北市,6,一氧化氮,NO,ppb,2022-01-01 00:00,0.9
5,土城,新北市,3,臭氧,O3,ppb,2022-01-01 03:00,34.8
8,菜寮,新北市,23,雨量,RAINFALL,mm,2022-01-01 03:00,0
4,新店,新北市,14,溫度,AMB_TEMP,℃,2022-01-01 03:00,15.4
3,萬里,新北市,14,溫度,AMB_TEMP,℃,2022-01-01 03:00,15.9
67,三重,新北市,7,二氧化氮,NO2,ppb,2022-01-01 03:00,15.3
2,汐止,新北市,6,一氧化氮,NO,ppb,2022-01-03 00:00,0.7
5,土城,新北市,7,二氧化氮,NO2,ppb,2022-01-01 03:00,7
2,汐止,新北市,11,風向,WIND_DIREC,degrees,2022-01-03 00:00,74.0
5,土城,新北市,23,雨量,RAINFALL,mm,2022-01-01 03:00,0
70,永和,新北市,11,風向,WIND_DIREC,degrees,2022-01-01 03:00,91.0
7,新莊,新北市,144,小時風向值,WD_HR,degrees,2022-01-01 03:00,87
70,永和,新北市,31,甲烷,CH4,ppm,2022-01-01 03:00,2.06
7,新莊,新北市,143,小時風速值,WS_HR,m/sec,2022-01-01 03:00,2.2
3,萬里,新北市,6,一氧化氮,NO,ppb,2022-01-10 05:00,0.1
8,菜寮,新北市,10,風速,WIND_SPEED,m/sec,2022-01-10 01:00,2.2
6,板橋,新北市,7,二氧化氮,NO2,ppb,2022-01-10 04:00,5
3,萬里,新北市,5,氮氧化物,NOx,ppb,2022-01-01 03:00,2.6
8,菜寮,新北市,7,二氧化氮,NO2,ppb,2022-01-10 01:00,8.9
3,萬里,新北市,5,氮氧化物,NOx,ppb,2022-01-01 00:00,2.9
2,汐止,新北市,14,溫度,AMB_TEMP,℃,2022-01-01 03:00,14.8
3,萬里,新北市,32,降雨強度,RAIN_INT,㎜,2022-01-01 03:00,0
4,新店,新北市,23,雨量,RAINFALL,mm,2022-01-01 03:00,0
8,菜寮,新北市,14,溫度,AMB_TEMP,℃,2022-01-01 03:00,15.8
2,汐止,新北市,38,相對濕度,RH,%,2022-01-01 03:00,96
4,新店,新北市,11,風向,WIND_DIREC,degrees,2022-01-01 03:00,102
70,永和,新北市,8,總碳氫化物,THC,ppm,2022-01-01 01:00,2.12
70,永和,新北市,11,風向,WIND_DIREC,degrees,2022-01-01 01:00,90
5,土城,新北市,1,二氧化硫,SO2,ppb,2022-01-01 03:00,0.6
67,三重,新北市,6,一氧化氮,NO,ppb,2022-01-01 03:00,7.6
70,永和,新北市,9,非甲烷碳氫化合物,NMHC,ppm,2022-01-01 03:00,0.04
2,汐止,新北市,5,氮氧化物,NOx,ppb,2022-01-03 00:00,14.7
5,土城,新北市,4,懸浮微粒,PM10,μg/m3,2022-01-01 03:00,9
5,土城,新北市,6,一氧化氮,NO,ppb,2022-01-01 03:00,0.4
5,土城,新北市,10,風速,WIND_SPEED,m/sec,2022-01-01 03:00,0.9
2,汐止,新北市,10,風速,WIND_SPEED,m/sec,2022-01-03 00:00,1.0
5,土城,新北市,14,溫度,AMB_TEMP,℃,2022-01-01 03:00,15.8
5,土城,新北市,33,細懸浮微粒,PM2.5,μg/m3,2022-01-01 03:00,9.0
70,永和,新北市,10,風速,WIND_SPEED,m/sec,2022-01-01 03:00,1.2
70,永和,新北市,38,相對濕度,RH,%,2022-01-01 02:00,95
7,新莊,新北市,38,相對濕度,RH,%,2022-01-01 03:00,91
5,土城,新北市,143,小時風速值,WS_HR,m/sec,2022-01-01 03:00,0.4
8,菜寮,新北市,7,二氧化氮,NO2,ppb,2022-01-01 02:00,8.9
67,三重,新北市,33,細懸浮微粒,PM2.5,μg/m3,2022-01-01 02:00,12
3,萬里,新北市,143,小時風速值,WS_HR,m/sec,2022-01-01 03:00,3.7
84,富貴角,新北市,6,一氧化氮,NO,ppb,2022-01-01 02:00,0
7,新莊,新北市,6,一氧化氮,NO,ppb,2022-01-10 02:00,1.1
10,淡水,新北市,11,風向,WIND_DIREC,degrees,2022-01-10 03:00,30
10,淡水,新北市,10,風速,WIND_SPEED,m/sec,2022-01-10 03:00,1.9
2,汐止,新北市,7,二氧化氮,NO2,ppb,2022-01-10 01:00,11.9
8,菜寮,新北市,3,臭氧,O3,ppb,2022-01-10 04:00,36.7
4,新店,新北市,23,雨量,RAINFALL,mm,2022-01-10 04:00,0
4,新店,新北市,33,細懸浮微粒,PM2.5,μg/m3,2022-01-01 01:00,6
2,汐止,新北市,6,一氧化氮,NO,ppb,2022-01-10 01:00,0.5
6,板橋,新北市,6,一氧化氮,NO,ppb,2022-01-10 05:00,0.3
8,菜寮,新北市,3,臭氧,O3,ppb,2022-01-10 06:00,30.9
6,板橋,新北市,8,總碳氫化物,THC,ppm,2022-01-10 06:00,2.0
3,萬里,新北市,4,懸浮微粒,PM10,μg/m3,2022-01-01 00:00,35
8,菜寮,新北市,6,一氧化氮,NO,ppb,2022-01-10 01:00,0.9
2,汐止,新北市,11,風向,WIND_DIREC,degrees,2022-01-01 03:00,66
8,菜寮,新北市,5,氮氧化物,NOx,ppb,2022-01-10 01:00,9.9
8,菜寮,新北市,4,懸浮微粒,PM10,μg/m3,2022-01-10 01:00,14
70,永和,新北市,5,氮氧化物,NOx,ppb,2022-01-01 01:00,9.9
4,新店,新北市,7,二氧化氮,NO2,ppb,2022-01-01 03:00,6.8
8,菜寮,新北市,10,風速,WIND_SPEED,m/sec,2022-01-01 03:00,2.3
8,菜寮,新北市,11,風向,WIND_DIREC,degrees,2022-01-01 03:00,120
70,永和,新北市,4,懸浮微粒,PM10,μg/m3,2022-01-01 01:00,15
70,永和,新北市,33,細懸浮微粒,PM2.5,μg/m3,2022-01-01 01:00,7
2,汐止,新北市,33,細懸浮微粒,PM2.5,μg/m3,2022-01-01 03:00,9
4,新店,新北市,10,風速,WIND_SPEED,m/sec,2022-01-01 03:00,1.1
9,林口,新北市,143,小時風速值,WS_HR,m/sec,2022-01-01 00:00,2.7
70,永和,新北市,7,二氧化氮,NO2,ppb,2022-01-01 01:00,9.1
7,新莊,新北市,7,二氧化氮,NO2,ppb,2022-01-01 00:00,7.2
70,永和,新北市,10,風速,WIND_SPEED,m/sec,2022-01-01 01:00,0.9
4,新店,新北市,144,小時風向值,WD_HR,degrees,2022-01-01 03:00,81
4,新店,新北市,33,細懸浮微粒,PM2.5,μg/m3,2022-01-01 03:00,6
67,三重,新北市,3,臭氧,O3,ppb,2022-01-01 03:00,25.8
67,三重,新北市,5,氮氧化物,NOx,ppb,2022-01-01 03:00,22.9
67,三重,新北市,33,細懸浮微粒,PM2.5,μg/m3,2022-01-01 03:00,10
70,永和,新北市,8,總碳氫化物,THC,ppm,2022-01-01 03:00,2.1
2,汐止,新北市,1,二氧化硫,SO2,ppb,2022-01-03 00:00,1.2
2,汐止,新北市,4,懸浮微粒,PM10,μg/m3,2022-01-03 00:00,36.0
4,新店,新北市,1,二氧化硫,SO2,ppb,2022-01-01 03:00,0.5
5,土城,新北市,11,風向,WIND_DIREC,degrees,2022-01-01 02:00,354.0
5,土城,新北市,5,氮氧化物,NOx,ppb,2022-01-01 03:00,7.4
70,永和,新北市,10,風速,WIND_SPEED,m/sec,2022-01-01 02:00,1.3
4,新店,新北市,2,一氧化碳,CO,ppm,2022-01-01 02:00,0.21
4,新店,新北市,1,二氧化硫,SO2,ppb,2022-01-01 02:00,0.5
5,土城,新北市,9,非甲烷碳氫化合物,NMHC,ppm,2022-01-01 03:00,0.08
5,土城,新北市,31,甲烷,CH4,ppm,2022-01-01 03:00,2.14
5,土城,新北市,11,風向,WIND_DIREC,degrees,2022-01-01 03:00,328
5,土城,新北市,143,小時風速值,WS_HR,m/sec,2022-01-01 03:00,0.4
5,土城,新北市,31,甲烷,CH4,ppm,2022-01-01 02:00,2.13
5,土城,新北市,31,甲烷,CH4,ppm,2022-01-01 03:00,2.14
70,永和,新北市,9,非甲烷碳氫化合物,NMHC,ppm,2022-01-01 03:00,0.04
70,永和,新北市,8,總碳氫化物,THC,ppm,2022-01-01 03:00,2.1
8,菜寮,新北市,23,雨量,RAINFALL,mm,2022-01-01 00:00,0
70,永和,新北市,33,細懸浮微粒,PM2.5,μg/m3,2022-01-01 02:00,11
7,新莊,新北市,33,細懸浮微粒,PM2.5,μg/m3,2022-01-01 03:00,11
10,淡水,新北市,7,二氧化氮,NO2,ppb,2022-01-01 00:00,6.4
70,永和,新北市,144,小時風向值,WD_HR,degrees,2022-01-01 02:00,96
5,土城,新北市,38,相對濕度,RH,%,2022-01-01 03:00,91
8,菜寮,新北市,3,臭氧,O3,ppb,2022-01-01 02:00,34.7
8,菜寮,新北市,6,一氧化氮,NO,ppb,2022-01-01 02:00,0.5
8,菜寮,新北市,14,溫度,AMB_TEMP,℃,2022-01-01 02:00,15.8
67,三重,新北市,31,甲烷,CH4,ppm,2022-01-01 02:00,2.09
70,永和,新北市,23,雨量,RAINFALL,mm,2022-01-01 03:00,0.0
84,富貴角,新北市,4,懸浮微粒,PM10,μg/m3,2022-01-01 02:00,40
2,汐止,新北市,23,雨量,RAINFALL,mm,2022-01-01 01:00,0
2,汐止,新北市,14,溫度,AMB_TEMP,℃,2022-01-01 01:00,14.7
3,萬里,新北市,14,溫度,AMB_TEMP,℃,2022-01-10 02:00,16.3
7,新莊,新北市,5,氮氧化物,NOx,ppb,2022-01-10 02:00,6.3
9,林口,新北市,23,雨量,RAINFALL,mm,2022-01-10 02:00,0
4,新店,新北市,11,風向,WIND_DIREC,degrees,2022-01-10 03:00,58
2,汐止,新北市,11,風向,WIND_DIREC,degrees,2022-01-10 03:00,38
2,汐止,新北市,10,風速,WIND_SPEED,m/sec,2022-01-10 03:00,0.6
6,板橋,新北市,7,二氧化氮,NO2,ppb,2022-01-10 03:00,6.3
10,淡水,新北市,7,二氧化氮,NO2,ppb,2022-01-10 03:00,1.4
2,汐止,新北市,11,風向,WIND_DIREC,degrees,2022-01-10 04:00,31
6,板橋,新北市,8,總碳氫化物,THC,ppm,2022-01-10 04:00,2
2,汐止,新北市,6,一氧化氮,NO,ppb,2022-01-10 04:00,0.6
4,新店,新北市,14,溫度,AMB_TEMP,℃,2022-01-10 04:00,16.6
8,菜寮,新北市,7,二氧化氮,NO2,ppb,2022-01-10 04:00,5.4
2,汐止,新北市,5,氮氧化物,NOx,ppb,2022-01-10 01:00,12.5
2,汐止,新北市,4,懸浮微粒,PM10,μg/m3,2022-01-10 01:00,8
2,汐止,新北市,3,臭氧,O3,ppb,2022-01-10 01:00,30.4
2,汐止,新北市,6,一氧化氮,NO,ppb,2022-01-10 05:00,0.7
6,板橋,新北市,5,氮氧化物,NOx,ppb,2022-01-10 05:00,5.8
2,汐止,新北市,6,一氧化氮,NO,ppb,2022-01-10 06:00,1.6
2,汐止,新北市,7,二氧化氮,NO2,ppb,2022-01-10 06:00,22.0
8,菜寮,新北市,6,一氧化氮,NO,ppb,2022-01-10 06:00,0.8
8,菜寮,新北市,5,氮氧化物,NOx,ppb,2022-01-10 06:00,10.0
6,板橋,新北市,7,二氧化氮,NO2,ppb,2022-01-10 06:00,12.5
6,板橋,新北市,6,一氧化氮,NO,ppb,2022-01-10 06:00,1.1
4,新店,新北市,7,二氧化氮,NO2,ppb,2022-01-10 07:00,19.3
4,新店,新北市,6,一氧化氮,NO,ppb,2022-01-10 07:00,1.9
8,菜寮,新北市,3,臭氧,O3,ppb,2022-01-10 07:00,26.0
70,永和,新北市,31,甲烷,CH4,ppm,2022-01-10 07:00,2.04
6,板橋,新北市,8,總碳氫化物,THC,ppm,2022-01-10 07:00,2.06
6,板橋,新北市,4,懸浮微粒,PM10,μg/m3,2022-01-10 01:00,9
8,菜寮,新北市,6,一氧化氮,NO,ppb,2022-01-10 00:00,0.5
8,菜寮,新北市,3,臭氧,O3,ppb,2022-01-10 01:00,34.9
4,新店,新北市,143,小時風速值,WS_HR,m/sec,2022-01-01 01:00,0.8
6,板橋,新北市,6,一氧化氮,NO,ppb,2022-01-10 01:00,0.6
7,新莊,新北市,33,細懸浮微粒,PM2.5,μg/m3,2022-01-01 01:00,11
5,土城,新北市,5,氮氧化物,NOx,ppb,2022-01-01 01:00,10.1
8,菜寮,新北市,7,二氧化氮,NO2,ppb,2022-01-01 03:00,8.2
4,新店,新北市,4,懸浮微粒,PM10,μg/m3,2022-01-01 03:00,14
5,土城,新北市,38,相對濕度,RH,%,2022-01-01 01:00,92
5,土城,新北市,33,細懸浮微粒,PM2.5,μg/m3,2022-01-01 01:00,13
8,菜寮,新北市,14,溫度,AMB_TEMP,℃,2022-01-01 01:00,15.7
67,三重,新北市,4,懸浮微粒,PM10,μg/m3,2022-01-01 01:00,15
67,三重,新北市,3,臭氧,O3,ppb,2022-01-01 01:00,24.2
67,三重,新北市,2,一氧化碳,CO,ppm,2022-01-01 01:00,0.61
67,三重,新北市,38,相對濕度,RH,%,2022-01-01 01:00,86
70,永和,新北市,3,臭氧,O3,ppb,2022-01-01 01:00,33.4
70,永和,新北市,2,一氧化碳,CO,ppm,2022-01-01 01:00,0.3
70,永和,新北市,1,二氧化硫,SO2,ppb,2022-01-01 01:00,0.8
4,新店,新北市,33,細懸浮微粒,PM2.5,μg/m3,2022-01-01 00:00,11
5,土城,新北市,143,小時風速值,WS_HR,m/sec,2022-01-01 00:00,0.7
70,永和,新北市,6,一氧化氮,NO,ppb,2022-01-01 01:00,0.7
5,土城,新北市,38,相對濕度,RH,%,2022-01-01 00:00,92
6,板橋,新北市,23,雨量,RAINFALL,mm,2022-01-01 00:00,0
6,板橋,新北市,14,溫度,AMB_TEMP,℃,2022-01-01 00:00,15.2
7,新莊,新北市,6,一氧化氮,NO,ppb,2022-01-01 00:00,0.8
70,永和,新北市,9,非甲烷碳氫化合物,NMHC,ppm,2022-01-01 01:00,0.07
8,菜寮,新北市,4,懸浮微粒,PM10,μg/m3,2022-01-01 00:00,6
4,新店,新北市,38,相對濕度,RH,%,2022-01-01 03:00,94
9,林口,新北市,2,一氧化碳,CO,ppm,2022-01-01 00:00,0.21
3,萬里,新北市,11,風向,WIND_DIREC,degrees,2022-01-01 03:00,59
8,菜寮,新北市,143,小時風速值,WS_HR,m/sec,2022-01-01 03:00,2
67,三重,新北市,2,一氧化碳,CO,ppm,2022-01-01 03:00,0.5
3,萬里,新北市,7,二氧化氮,NO2,ppb,2022-01-01 03:00,2.2
67,三重,新北市,4,懸浮微粒,PM10,μg/m3,2022-01-01 03:00,15
8,菜寮,新北市,1,二氧化硫,SO2,ppb,2022-01-01 03:00,1.2
67,三重,新北市,31,甲烷,CH4,ppm,2022-01-01 03:00,2.15
70,永和,新北市,4,懸浮微粒,PM10,μg/m3,2022-01-01 03:00,10
70,永和,新北市,7,二氧化氮,NO2,ppb,2022-01-01 03:00,5.7
70,永和,新北市,11,風向,WIND_DIREC,degrees,2022-01-01 03:00,91
70,永和,新北市,33,細懸浮微粒,PM2.5,μg/m3,2022-01-01 03:00,9
2,汐止,新北市,2,一氧化碳,CO,ppm,2022-01-03 00:00,0.38
2,汐止,新北市,3,臭氧,O3,ppb,2022-01-03 00:00,42.3
84,富貴角,新北市,2,一氧化碳,CO,ppm,2022-01-01 01:00,0.19
84,富貴角,新北市,8,總碳氫化物,THC,ppm,2022-01-01 01:00,2
3,萬里,新北市,11,風向,WIND_DIREC,degrees,2022-01-01 02:00,53.0
3,萬里,新北市,32,降雨強度,RAIN_INT,㎜,2022-01-01 02:00,0.0
7,新莊,新北市,143,小時風速值,WS_HR,m/sec,2022-01-01 02:00,2.5
70,永和,新北市,11,風向,WIND_DIREC,degrees,2022-01-01 02:00,103.0
9,林口,新北市,143,小時風速值,WS_HR,m/sec,2022-01-01 02:00,2.2
70,永和,新北市,9,非甲烷碳氫化合物,NMHC,ppm,2022-01-01 02:00,0.06
70,永和,新北市,23,雨量,RAINFALL,mm,2022-01-01 02:00,0.0
5,土城,新北市,3,臭氧,O3,ppb,2022-01-01 00:00,35.4
3,萬里,新北市,4,懸浮微粒,PM10,μg/m3,2022-01-01 00:00,35
3,萬里,新北市,144,小時風向值,WD_HR,degrees,2022-01-01 02:00,57
3,萬里,新北市,143,小時風速值,WS_HR,m/sec,2022-01-01 00:00,6.1
4,新店,新北市,3,臭氧,O3,ppb,2022-01-01 02:00,30.4
3,萬里,新北市,33,細懸浮微粒,PM2.5,μg/m3,2022-01-01 03:00,13
4,新店,新北市,144,小時風向值,WD_HR,degrees,2022-01-01 00:00,42
4,新店,新北市,23,雨量,RAINFALL,mm,2022-01-01 02:00,0
2,汐止,新北市,10,風速,WIND_SPEED,m/sec,2022-01-01 03:00,1
4,新店,新北市,38,相對濕度,RH,%,2022-01-01 02:00,94
5,土城,新北市,38,相對濕度,RH,%,2022-01-01 03:00,91.0
6,板橋,新北市,1,二氧化硫,SO2,ppb,2022-01-01 00:00,1
5,土城,新北市,23,雨量,RAINFALL,mm,2022-01-01 02:00,0
3,萬里,新北市,10,風速,WIND_SPEED,m/sec,2022-01-01 03:00,4.2
5,土城,新北市,23,雨量,RAINFALL,mm,2022-01-01 03:00,0.0
70,永和,新北市,23,雨量,RAINFALL,mm,2022-01-01 02:00,0
84,富貴角,新北市,8,總碳氫化物,THC,ppm,2022-01-01 02:00,2
9,林口,新北市,143,小時風速值,WS_HR,m/sec,2022-01-01 03:00,2.3
6,板橋,新北市,31,甲烷,CH4,ppm,2022-01-01 00:00,2
7,新莊,新北市,23,雨量,RAINFALL,mm,2022-01-01 00:00,0
7,新莊,新北市,14,溫度,AMB_TEMP,℃,2022-01-01 00:00,15.7
8,菜寮,新北市,3,臭氧,O3,ppb,2022-01-01 00:00,38.1
8,菜寮,新北市,14,溫度,AMB_TEMP,℃,2022-01-01 00:00,15.7
2,汐止,新北市,7,二氧化氮,NO2,ppb,2022-01-01 03:00,9.6
10,淡水,新北市,10,風速,WIND_SPEED,m/sec,2022-01-01 00:00,x
9,林口,新北市,143,小時風速值,WS_HR,m/sec,2022-01-01 00:00,2.7
10,淡水,新北市,6,一氧化氮,NO,ppb,2022-01-01 00:00,1.4
67,三重,新北市,2,一氧化碳,CO,ppm,2022-01-01 00:00,0.55
67,三重,新北市,9,非甲烷碳氫化合物,NMHC,ppm,2022-01-01 00:00,0.13
7,新莊,新北市,33,細懸浮微粒,PM2.5,μg/m3,2022-01-01 02:00,9
3,萬里,新北市,144,小時風向值,WD_HR,degrees,2022-01-01 03:00,49
8,菜寮,新北市,2,一氧化碳,CO,ppm,2022-01-01 02:00,0.31
70,永和,新北市,10,風速,WIND_SPEED,m/sec,2022-01-01 00:00,1.2
84,富貴角,新北市,5,氮氧化物,NOx,ppb,2022-01-01 00:00,0.9
8,菜寮,新北市,5,氮氧化物,NOx,ppb,2022-01-01 02:00,9.5
8,菜寮,新北市,10,風速,WIND_SPEED,m/sec,2022-01-01 02:00,2
8,菜寮,新北市,11,風向,WIND_DIREC,degrees,2022-01-01 02:00,124
67,三重,新北市,4,懸浮微粒,PM10,μg/m3,2022-01-01 02:00,15
67,三重,新北市,23,雨量,RAINFALL,mm,2022-01-01 02:00,0
70,永和,新北市,14,溫度,AMB_TEMP,℃,2022-01-01 03:00,15.1
84,富貴角,新北市,7,二氧化氮,NO2,ppb,2022-01-01 02:00,1.5
9,林口,新北市,33,細懸浮微粒,PM2.5,μg/m3,2022-01-01 01:00,7.0
7,新莊,新北市,23,雨量,RAINFALL,mm,2022-01-01 01:00,0.0
70,永和,新北市,11,風向,WIND_DIREC,degrees,2022-01-01 01:00,90.0
70,永和,新北市,10,風速,WIND_SPEED,m/sec,2022-01-01 01:00,0.9
70,永和,新北市,31,甲烷,CH4,ppm,2022-01-01 01:00,2.04
2,汐止,新北市,11,風向,WIND_DIREC,degrees,2022-01-01 01:00,33
3,萬里,新北市,6,一氧化氮,NO,ppb,2022-01-10 02:00,0.3
3,萬里,新北市,11,風向,WIND_DIREC,degrees,2022-01-10 02:00,42
5,土城,新北市,10,風速,WIND_SPEED,m/sec,2022-01-10 02:00,1.1
7,新莊,新北市,4,懸浮微粒,PM10,μg/m3,2022-01-10 02:00,15
7,新莊,新北市,11,風向,WIND_DIREC,degrees,2022-01-10 02:00,92
9,林口,新北市,14,溫度,AMB_TEMP,℃,2022-01-10 02:00,14.5
2,汐止,新北市,23,雨量,RAINFALL,mm,2022-01-10 03:00,0
2,汐止,新北市,14,溫度,AMB_TEMP,℃,2022-01-10 03:00,15.9
6,板橋,新北市,7,二氧化氮,NO2,ppb,2022-01-10 03:00,6.3
8,菜寮,新北市,5,氮氧化物,NOx,ppb,2022-01-10 03:00,6.3
8,菜寮,新北市,10,風速,WIND_SPEED,m/sec,2022-01-10 03:00,2.8
2,汐止,新北市,7,二氧化氮,NO2,ppb,2022-01-10 03:00,10.7
4,新店,新北市,11,風向,WIND_DIREC,degrees,2022-01-10 03:00,58
4,新店,新北市,23,雨量,RAINFALL,mm,2022-01-10 03:00,0
8,菜寮,新北市,5,氮氧化物,NOx,ppb,2022-01-10 03:00,6.3
8,菜寮,新北市,10,風速,WIND_SPEED,m/sec,2022-01-10 03:00,2.8
10,淡水,新北市,23,雨量,RAINFALL,mm,2022-01-10 03:00,0
2,汐止,新北市,10,風速,WIND_SPEED,m/sec,2022-01-10 04:00,0.5
4,新店,新北市,11,風向,WIND_DIREC,degrees,2022-01-10 04:00,71
6,板橋,新北市,7,二氧化氮,NO2,ppb,2022-01-10 04:00,5
8,菜寮,新北市,6,一氧化氮,NO,ppb,2022-01-10 04:00,0.6
10,淡水,新北市,7,二氧化氮,NO2,ppb,2022-01-10 04:00,1.5
2,汐止,新北市,11,風向,WIND_DIREC,degrees,2022-01-10 04:00,31
4,新店,新北市,11,風向,WIND_DIREC,degrees,2022-01-10 04:00,71
8,菜寮,新北市,4,懸浮微粒,PM10,μg/m3,2022-01-10 04:00,7
8,菜寮,新北市,6,一氧化氮,NO,ppb,2022-01-10 04:00,0.6
3,萬里,新北市,4,懸浮微粒,PM10,μg/m3,2022-01-10 05:00,32.0
8,菜寮,新北市,11,風向,WIND_DIREC,degrees,2022-01-10 00:00,81.0
8,菜寮,新北市,14,溫度,AMB_TEMP,℃,2022-01-10 00:00,17.8
10,淡水,新北市,17,大氣壓力,PRESSURE,hPa,2022-01-10 04:00,761
10,淡水,新北市,23,雨量,RAINFALL,mm,2022-01-10 00:00,0.0
2,汐止,新北市,2,一氧化碳,CO,ppm,2022-01-10 01:00,0.19
3,萬里,新北市,10,風速,WIND_SPEED,m/sec,2022-01-10 05:00,5.3
5,土城,新北市,8,總碳氫化物,THC,ppm,2022-01-10 05:00,2.12
4,新店,新北市,6,一氧化氮,NO,ppb,2022-01-10 05:00,0.2
6,板橋,新北市,4,懸浮微粒,PM10,μg/m3,2022-01-10 05:00,12.0
8,菜寮,新北市,3,臭氧,O3,ppb,2022-01-10 05:00,36.9
8,菜寮,新北市,6,一氧化氮,NO,ppb,2022-01-10 05:00,0.6
8,菜寮,新北市,10,風速,WIND_SPEED,m/sec,2022-01-10 05:00,2.8
70,永和,新北市,10,風速,WIND_SPEED,m/sec,2022-01-10 05:00,1.3
4,新店,新北市,6,一氧化氮,NO,ppb,2022-01-10 06:00,0.3
6,板橋,新北市,4,懸浮微粒,PM10,μg/m3,2022-01-10 06:00,16.0
6,板橋,新北市,7,二氧化氮,NO2,ppb,2022-01-10 06:00,12.5
8,菜寮,新北市,4,懸浮微粒,PM10,μg/m3,2022-01-10 06:00,8.0
2,汐止,新北市,7,二氧化氮,NO2,ppb,2022-01-10 06:00,22.0
2,汐止,新北市,6,一氧化氮,NO,ppb,2022-01-10 06:00,1.6
4,新店,新北市,7,二氧化氮,NO2,ppb,2022-01-10 06:00,9.0
6,板橋,新北市,5,氮氧化物,NOx,ppb,2022-01-10 06:00,13.6
10,淡水,新北市,7,二氧化氮,NO2,ppb,2022-01-10 06:00,5.4
8,菜寮,新北市,10,風速,WIND_SPEED,m/sec,2022-01-10 06:00,2.9
2,汐止,新北市,6,一氧化氮,NO,ppb,2022-01-10 07:00,5.3
4,新店,新北市,6,一氧化氮,NO,ppb,2022-01-10 07:00,1.9
6,板橋,新北市,5,氮氧化物,NOx,ppb,2022-01-10 07:00,25.3
6,板橋,新北市,8,總碳氫化物,THC,ppm,2022-01-10 07:00,2.06
8,菜寮,新北市,6,一氧化氮,NO,ppb,2022-01-10 07:00,1.9
10,淡水,新北市,7,二氧化氮,NO2,ppb,2022-01-10 07:00,14.5
6,板橋,新北市,4,懸浮微粒,PM10,μg/m3,2022-01-10 07:00,14.0
6,板橋,新北市,7,二氧化氮,NO2,ppb,2022-01-10 07:00,22.3
2,汐止,新北市,23,雨量,RAINFALL,mm,2022-01-10 01:00,0
2,汐止,新北市,14,溫度,AMB_TEMP,℃,2022-01-10 01:00,16.1
10,淡水,新北市,7,二氧化氮,NO2,ppb,2022-01-10 07:00,14.5
8,菜寮,新北市,10,風速,WIND_SPEED,m/sec,2022-01-10 07:00,2.6
6,板橋,新北市,5,氮氧化物,NOx,ppb,2022-01-10 01:00,6.6
6,板橋,新北市,8,總碳氫化物,THC,ppm,2022-01-10 01:00,2
4,新店,新北市,38,相對濕度,RH,%,2022-01-01 01:00,95
2,汐止,新北市,6,一氧化氮,NO,ppb,2022-01-10 01:00,0.5
2,汐止,新北市,14,溫度,AMB_TEMP,℃,2022-01-10 01:00,16.1
6,板橋,新北市,5,氮氧化物,NOx,ppb,2022-01-10 01:00,6.6
8,菜寮,新北市,7,二氧化氮,NO2,ppb,2022-01-10 01:00,8.9
8,菜寮,新北市,6,一氧化氮,NO,ppb,2022-01-10 01:00,0.9
5,土城,新北市,4,懸浮微粒,PM10,μg/m3,2022-01-01 01:00,12
5,土城,新北市,3,臭氧,O3,ppb,2022-01-01 01:00,34.7
5,土城,新北市,2,一氧化碳,CO,ppm,2022-01-01 03:00,0.24
8,菜寮,新北市,6,一氧化氮,NO,ppb,2022-01-01 03:00,0.5
70,永和,新北市,31,甲烷,CH4,ppm,2022-01-01 01:00,2.04
4,新店,新北市,3,臭氧,O3,ppb,2022-01-01 03:00,30
5,土城,新北市,9,非甲烷碳氫化合物,NMHC,ppm,2022-01-01 01:00,0.1
5,土城,新北市,14,溫度,AMB_TEMP,℃,2022-01-01 01:00,15.7
5,土城,新北市,23,雨量,RAINFALL,mm,2022-01-01 01:00,0
5,土城,新北市,31,甲烷,CH4,ppm,2022-01-01 01:00,2.12
7,新莊,新北市,144,小時風向值,WD_HR,degrees,2022-01-01 01:00,87
8,菜寮,新北市,3,臭氧,O3,ppb,2022-01-01 01:00,35.5
8,菜寮,新北市,11,風向,WIND_DIREC,degrees,2022-01-01 01:00,122
8,菜寮,新北市,10,風速,WIND_SPEED,m/sec,2022-01-01 01:00,2.2
8,菜寮,新北市,38,相對濕度,RH,%,2022-01-01 01:00,89
8,菜寮,新北市,33,細懸浮微粒,PM2.5,μg/m3,2022-01-01 01:00,8
8,菜寮,新北市,143,小時風速值,WS_HR,m/sec,2022-01-01 01:00,2.2
4,新店,新北市,5,氮氧化物,NOx,ppb,2022-01-01 00:00,8.7
67,三重,新北市,5,氮氧化物,NOx,ppb,2022-01-01 01:00,26.5
67,三重,新北市,7,二氧化氮,NO2,ppb,2022-01-01 01:00,17.2
67,三重,新北市,14,溫度,AMB_TEMP,℃,2022-01-01 01:00,15.7
67,三重,新北市,33,細懸浮微粒,PM2.5,μg/m3,2022-01-01 01:00,12
4,新店,新北市,2,一氧化碳,CO,ppm,2022-01-01 00:00,0.21
3,萬里,新北市,32,降雨強度,RAIN_INT,㎜,2022-01-01 00:00,0.5
3,萬里,新北市,38,相對濕度,RH,%,2022-01-01 00:00,91
4,新店,新北市,1,二氧化硫,SO2,ppb,2022-01-01 00:00,0.6
4,新店,新北市,10,風速,WIND_SPEED,m/sec,2022-01-01 00:00,0.7
4,新店,新北市,23,雨量,RAINFALL,mm,2022-01-01 00:00,0
5,土城,新北市,3,臭氧,O3,ppb,2022-01-01 00:00,35.4
5,土城,新北市,2,一氧化碳,CO,ppm,2022-01-01 00:00,0.28
5,土城,新北市,6,一氧化氮,NO,ppb,2022-01-01 00:00,0.4
5,土城,新北市,9,非甲烷碳氫化合物,NMHC,ppm,2022-01-01 00:00,0.1
5,土城,新北市,14,溫度,AMB_TEMP,℃,2022-01-01 00:00,15.5
5,土城,新北市,33,細懸浮微粒,PM2.5,μg/m3,2022-01-01 00:00,16
6,板橋,新北市,5,氮氧化物,NOx,ppb,2022-01-01 00:00,10.5
6,板橋,新北市,4,懸浮微粒,PM10,μg/m3,2022-01-01 00:00,37
6,板橋,新北市,8,總碳氫化物,THC,ppm,2022-01-01 00:00,2.06
6,板橋,新北市,11,風向,WIND_DIREC,degrees,2022-01-01 00:00,94
6,板橋,新北市,33,細懸浮微粒,PM2.5,μg/m3,2022-01-01 00:00,31
6,板橋,新北市,144,小時風向值,WD_HR,degrees,2022-01-01 00:00,99
7,新莊,新北市,5,氮氧化物,NOx,ppb,2022-01-01 00:00,8
7,新莊,新北市,4,懸浮微粒,PM10,μg/m3,2022-01-01 00:00,21
7,新莊,新北市,14,溫度,AMB_TEMP,℃,2022-01-01 00:00,15.7
7,新莊,新北市,38,相對濕度,RH,%,2022-01-01 00:00,90
9,林口,新北市,38,相對濕度,RH,%,2022-01-01 00:00,95
8,菜寮,新北市,3,臭氧,O3,ppb,2022-01-01 00:00,38.1
8,菜寮,新北市,14,溫度,AMB_TEMP,℃,2022-01-01 00:00,15.7
8,菜寮,新北市,11,風向,WIND_DIREC,degrees,2022-01-01 00:00,112
8,菜寮,新北市,38,相對濕度,RH,%,2022-01-01 00:00,87
9,林口,新北市,1,二氧化硫,SO2,ppb,2022-01-01 00:00,0.9
3,萬里,新北市,10,風速,WIND_SPEED,m/sec,2022-01-01 03:00,4.2
8,菜寮,新北市,38,相對濕度,RH,%,2022-01-01 03:00,90
9,林口,新北市,6,一氧化氮,NO,ppb,2022-01-01 00:00,0.4
70,永和,新北市,14,溫度,AMB_TEMP,℃,2022-01-01 01:00,15
3,萬里,新北市,3,臭氧,O3,ppb,2022-01-01 03:00,45.7
3,萬里,新北市,2,一氧化碳,CO,ppm,2022-01-01 03:00,0.24
3,萬里,新北市,4,懸浮微粒,PM10,μg/m3,2022-01-01 03:00,45
3,萬里,新北市,6,一氧化氮,NO,ppb,2022-01-01 03:00,0.4
67,三重,新北市,5,氮氧化物,NOx,ppb,2022-01-01 00:00,26.4
5,土城,新北市,33,細懸浮微粒,PM2.5,μg/m3,2022-01-01 03:00,9
67,三重,新北市,23,雨量,RAINFALL,mm,2022-01-01 03:00,0
10,淡水,新北市,5,氮氧化物,NOx,ppb,2022-01-01 00:00,7.9
67,三重,新北市,38,相對濕度,RH,%,2022-01-01 03:00,87
70,永和,新北市,3,臭氧,O3,ppb,2022-01-01 03:00,36.7
70,永和,新北市,5,氮氧化物,NOx,ppb,2022-01-01 03:00,6
70,永和,新北市,6,一氧化氮,NO,ppb,2022-01-01 03:00,0.2
67,三重,新北市,31,甲烷,CH4,ppm,2022-01-01 00:00,2.02
70,永和,新北市,10,風速,WIND_SPEED,m/sec,2022-01-01 03:00,1.2
70,永和,新北市,23,雨量,RAINFALL,mm,2022-01-01 03:00,0
70,永和,新北市,31,甲烷,CH4,ppm,2022-01-01 03:00,2.06
70,永和,新北市,7,二氧化氮,NO2,ppb,2022-01-01 00:00,9.2
70,永和,新北市,8,總碳氫化物,THC,ppm,2022-01-01 00:00,2.12
70,永和,新北市,2,一氧化碳,CO,ppm,2022-01-01 00:00,0.33
70,永和,新北市,5,氮氧化物,NOx,ppb,2022-01-01 00:00,11
70,永和,新北市,38,相對濕度,RH,%,2022-01-01 01:00,95
84,富貴角,新北市,1,二氧化硫,SO2,ppb,2022-01-01 01:00,0.3
84,富貴角,新北市,7,二氧化氮,NO2,ppb,2022-01-01 01:00,1.3
84,富貴角,新北市,6,一氧化氮,NO,ppb,2022-01-01 01:00,0
3,萬里,新北市,5,氮氧化物,NOx,ppb,2022-01-01 02:00,2.6
3,萬里,新北市,10,風速,WIND_SPEED,m/sec,2022-01-01 02:00,3.9
3,萬里,新北市,14,溫度,AMB_TEMP,℃,2022-01-01 02:00,15.9
3,萬里,新北市,23,雨量,RAINFALL,mm,2022-01-01 02:00,0.0
84,富貴角,新北市,10,風速,WIND_SPEED,m/sec,2022-01-01 00:00,6.6
5,土城,新北市,23,雨量,RAINFALL,mm,2022-01-01 02:00,0.0
5,土城,新北市,38,相對濕度,RH,%,2022-01-01 02:00,92.0
7,新莊,新北市,38,相對濕度,RH,%,2022-01-01 02:00,91.0
84,富貴角,新北市,8,總碳氫化物,THC,ppm,2022-01-01 00:00,2
84,富貴角,新北市,2,一氧化碳,CO,ppm,2022-01-01 00:00,0.17
84,富貴角,新北市,7,二氧化氮,NO2,ppb,2022-01-01 00:00,0.8
70,永和,新北市,8,總碳氫化物,THC,ppm,2022-01-01 02:00,2.11
84,富貴角,新北市,31,甲烷,CH4,ppm,2022-01-01 00:00,1.99
2,汐止,新北市,33,細懸浮微粒,PM2.5,μg/m3,2022-01-01 00:00,11
84,富貴角,新北市,143,小時風速值,WS_HR,m/sec,2022-01-01 00:00,4.1
2,汐止,新北市,23,雨量,RAINFALL,mm,2022-01-01 00:00,0.5
2,汐止,新北市,144,小時風向值,WD_HR,degrees,2022-01-01 00:00,26
3,萬里,新北市,3,臭氧,O3,ppb,2022-01-01 00:00,47.5
3,萬里,新北市,10,風速,WIND_SPEED,m/sec,2022-01-01 00:00,6.1
3,萬里,新北市,143,小時風速值,WS_HR,m/sec,2022-01-01 02:00,3.4
3,萬里,新北市,23,雨量,RAINFALL,mm,2022-01-01 00:00,0.5
3,萬里,新北市,38,相對濕度,RH,%,2022-01-01 00:00,91
5,土城,新北市,2,一氧化碳,CO,ppm,2022-01-01 00:00,0.28
4,新店,新北市,4,懸浮微粒,PM10,μg/m3,2022-01-01 00:00,15
5,土城,新北市,1,二氧化硫,SO2,ppb,2022-01-01 00:00,0.8
4,新店,新北市,10,風速,WIND_SPEED,m/sec,2022-01-01 00:00,0.7
4,新店,新北市,23,雨量,RAINFALL,mm,2022-01-01 00:00,0
4,新店,新北市,143,小時風速值,WS_HR,m/sec,2022-01-01 00:00,0.9
4,新店,新北市,4,懸浮微粒,PM10,μg/m3,2022-01-01 02:00,6
4,新店,新北市,7,二氧化氮,NO2,ppb,2022-01-01 02:00,7.3
4,新店,新北市,14,溫度,AMB_TEMP,℃,2022-01-01 02:00,15.3
9,林口,新北市,33,細懸浮微粒,PM2.5,μg/m3,2022-01-01 03:00,8.0
5,土城,新北市,9,非甲烷碳氫化合物,NMHC,ppm,2022-01-01 00:00,0.1
4,新店,新北市,33,細懸浮微粒,PM2.5,μg/m3,2022-01-01 02:00,3
5,土城,新北市,4,懸浮微粒,PM10,μg/m3,2022-01-01 02:00,11
5,土城,新北市,3,臭氧,O3,ppb,2022-01-01 02:00,34.6
5,土城,新北市,33,細懸浮微粒,PM2.5,μg/m3,2022-01-01 00:00,16
5,土城,新北市,144,小時風向值,WD_HR,degrees,2022-01-01 00:00,355
5,土城,新北市,5,氮氧化物,NOx,ppb,2022-01-01 02:00,9.4
5,土城,新北市,14,溫度,AMB_TEMP,℃,2022-01-01 02:00,15.8
3,萬里,新北市,4,懸浮微粒,PM10,μg/m3,2022-01-01 03:00,45.0
3,萬里,新北市,7,二氧化氮,NO2,ppb,2022-01-01 03:00,2.2
3,萬里,新北市,23,雨量,RAINFALL,mm,2022-01-01 03:00,0.0
5,土城,新北市,14,溫度,AMB_TEMP,℃,2022-01-01 03:00,15.8
8,菜寮,新北市,33,細懸浮微粒,PM2.5,μg/m3,2022-01-01 00:00,8
70,永和,新北市,10,風速,WIND_SPEED,m/sec,2022-01-01 02:00,1.3
84,富貴角,新北市,2,一氧化碳,CO,ppm,2022-01-01 02:00,0.19
70,永和,新北市,143,小時風速值,WS_HR,m/sec,2022-01-01 02:00,0.9
9,林口,新北市,38,相對濕度,RH,%,2022-01-01 03:00,99.0
6,板橋,新北市,6,一氧化氮,NO,ppb,2022-01-01 00:00,0.3
6,板橋,新北市,10,風速,WIND_SPEED,m/sec,2022-01-01 00:00,1.9
6,板橋,新北市,23,雨量,RAINFALL,mm,2022-01-01 00:00,0
6,板橋,新北市,144,小時風向值,WD_HR,degrees,2022-01-01 00:00,99
7,新莊,新北市,3,臭氧,O3,ppb,2022-01-01 00:00,37.5
7,新莊,新北市,6,一氧化氮,NO,ppb,2022-01-01 00:00,0.8
7,新莊,新北市,11,風向,WIND_DIREC,degrees,2022-01-01 00:00,76
7,新莊,新北市,143,小時風速值,WS_HR,m/sec,2022-01-01 00:00,2.9
8,菜寮,新北市,2,一氧化碳,CO,ppm,2022-01-01 00:00,0.25
8,菜寮,新北市,11,風向,WIND_DIREC,degrees,2022-01-01 00:00,112
8,菜寮,新北市,10,風速,WIND_SPEED,m/sec,2022-01-01 00:00,2.2
8,菜寮,新北市,144,小時風向值,WD_HR,degrees,2022-01-01 00:00,108
84,富貴角,新北市,1,二氧化硫,SO2,ppb,2022-01-01 02:00,0.4
9,林口,新北市,5,氮氧化物,NOx,ppb,2022-01-01 00:00,7.3
9,林口,新北市,10,風速,WIND_SPEED,m/sec,2022-01-01 00:00,3.2
9,林口,新北市,14,溫度,AMB_TEMP,℃,2022-01-01 00:00,13.5
9,林口,新北市,38,相對濕度,RH,%,2022-01-01 00:00,95
10,淡水,新北市,2,一氧化碳,CO,ppm,2022-01-01 00:00,0.26
10,淡水,新北市,5,氮氧化物,NOx,ppb,2022-01-01 00:00,7.9
10,淡水,新北市,14,溫度,AMB_TEMP,℃,2022-01-01 00:00,x
67,三重,新北市,1,二氧化硫,SO2,ppb,2022-01-01 00:00,0.4
67,三重,新北市,5,氮氧化物,NOx,ppb,2022-01-01 00:00,26.4
67,三重,新北市,8,總碳氫化物,THC,ppm,2022-01-01 00:00,2.16
67,三重,新北市,31,甲烷,CH4,ppm,2022-01-01 00:00,2.02
70,永和,新北市,1,二氧化硫,SO2,ppb,2022-01-01 00:00,1.5
5,土城,新北市,143,小時風速值,WS_HR,m/sec,2022-01-01 02:00,0.7
5,土城,新北市,38,相對濕度,RH,%,2022-01-01 02:00,92
2,汐止,新北市,143,小時風速值,WS_HR,m/sec,2022-01-01 01:00,1.5
8,菜寮,新北市,1,二氧化硫,SO2,ppb,2022-01-01 02:00,1
70,永和,新北市,6,一氧化氮,NO,ppb,2022-01-01 00:00,1.7
70,永和,新北市,9,非甲烷碳氫化合物,NMHC,ppm,2022-01-01 00:00,0.09
84,富貴角,新北市,4,懸浮微粒,PM10,μg/m3,2022-01-01 00:00,30
70,永和,新北市,38,相對濕度,RH,%,2022-01-01 00:00,94
84,富貴角,新北市,1,二氧化硫,SO2,ppb,2022-01-01 00:00,x
8,菜寮,新北市,4,懸浮微粒,PM10,μg/m3,2022-01-01 02:00,10
84,富貴角,新北市,8,總碳氫化物,THC,ppm,2022-01-01 00:00,2
84,富貴角,新北市,11,風向,WIND_DIREC,degrees,2022-01-01 00:00,112
84,富貴角,新北市,23,雨量,RAINFALL,mm,2022-01-01 00:00,0
84,富貴角,新北市,38,相對濕度,RH,%,2022-01-01 00:00,82
8,菜寮,新北市,38,相對濕度,RH,%,2022-01-01 02:00,89
67,三重,新北市,3,臭氧,O3,ppb,2022-01-01 02:00,27.4
67,三重,新北市,7,二氧化氮,NO2,ppb,2022-01-01 02:00,15.3
67,三重,新北市,14,溫度,AMB_TEMP,℃,2022-01-01 02:00,15.8
70,永和,新北市,2,一氧化碳,CO,ppm,2022-01-01 02:00,0.28
70,永和,新北市,4,懸浮微粒,PM10,μg/m3,2022-01-01 02:00,13
84,富貴角,新北市,5,氮氧化物,NOx,ppb,2022-01-01 02:00,1.6
84,富貴角,新北市,3,臭氧,O3,ppb,2022-01-01 02:00,49.5
7,新莊,新北市,10,風速,WIND_SPEED,m/sec,2022-01-01 01:00,2.6
3,萬里,新北市,143,小時風速值,WS_HR,m/sec,2022-01-01 01:00,4.6
7,新莊,新北市,11,風向,WIND_DIREC,degrees,2022-01-01 01:00,96.0
7,新莊,新北市,14,溫度,AMB_TEMP,℃,2022-01-01 01:00,15.6
9,林口,新北市,38,相對濕度,RH,%,2022-01-01 01:00,97.0
9,林口,新北市,143,小時風速值,WS_HR,m/sec,2022-01-01 01:00,2.3
70,永和,新北市,8,總碳氫化物,THC,ppm,2022-01-01 01:00,2.12
70,永和,新北市,9,非甲烷碳氫化合物,NMHC,ppm,2022-01-01 01:00,0.07
70,永和,新北市,14,溫度,AMB_TEMP,℃,2022-01-01 01:00,15.0
70,永和,新北市,23,雨量,RAINFALL,mm,2022-01-01 01:00,0.0
2,汐止,新北市,7,二氧化氮,NO2,ppb,2022-01-01 01:00,7.7
2,汐止,新北市,10,風速,WIND_SPEED,m/sec,2022-01-01 01:00,1.5
6,板橋,新北市,8,總碳氫化物,THC,ppm,2022-01-10 02:00,2
3,萬里,新北市,5,氮氧化物,NOx,ppb,2022-01-10 02:00,2.9
3,萬里,新北市,7,二氧化氮,NO2,ppb,2022-01-10 02:00,2.6
3,萬里,新北市,10,風速,WIND_SPEED,m/sec,2022-01-10 02:00,4.9
3,萬里,新北市,23,雨量,RAINFALL,mm,2022-01-10 02:00,1
3,萬里,新北市,32,降雨強度,RAIN_INT,㎜,2022-01-10 02:00,1
7,新莊,新北市,2,一氧化碳,CO,ppm,2022-01-10 02:00,0.2
7,新莊,新北市,3,臭氧,O3,ppb,2022-01-10 02:00,36.8
7,新莊,新北市,7,二氧化氮,NO2,ppb,2022-01-10 02:00,5.2
7,新莊,新北市,10,風速,WIND_SPEED,m/sec,2022-01-10 02:00,2.8
7,新莊,新北市,14,溫度,AMB_TEMP,℃,2022-01-10 02:00,17.1
7,新莊,新北市,23,雨量,RAINFALL,mm,2022-01-10 02:00,0
2,汐止,新北市,7,二氧化氮,NO2,ppb,2022-01-10 03:00,10.7
2,汐止,新北市,6,一氧化氮,NO,ppb,2022-01-10 03:00,0.6
2,汐止,新北市,10,風速,WIND_SPEED,m/sec,2022-01-10 03:00,0.6
2,汐止,新北市,11,風向,WIND_DIREC,degrees,2022-01-10 03:00,38
4,新店,新北市,14,溫度,AMB_TEMP,℃,2022-01-10 03:00,16.7
4,新店,新北市,23,雨量,RAINFALL,mm,2022-01-10 03:00,0
6,板橋,新北市,8,總碳氫化物,THC,ppm,2022-01-10 03:00,2
8,菜寮,新北市,4,懸浮微粒,PM10,μg/m3,2022-01-10 03:00,6
8,菜寮,新北市,6,一氧化氮,NO,ppb,2022-01-10 03:00,0.6
8,菜寮,新北市,7,二氧化氮,NO2,ppb,2022-01-10 03:00,5.6
10,淡水,新北市,7,二氧化氮,NO2,ppb,2022-01-10 03:00,1.4
2,汐止,新北市,6,一氧化氮,NO,ppb,2022-01-10 03:00,0.6
2,汐止,新北市,14,溫度,AMB_TEMP,℃,2022-01-10 03:00,15.9
2,汐止,新北市,23,雨量,RAINFALL,mm,2022-01-10 03:00,0
2,汐止,新北市,6,一氧化氮,NO,ppb,2022-01-10 02:00,0.6
4,新店,新北市,14,溫度,AMB_TEMP,℃,2022-01-10 03:00,16.7
6,板橋,新北市,8,總碳氫化物,THC,ppm,2022-01-10 03:00,2
8,菜寮,新北市,4,懸浮微粒,PM10,μg/m3,2022-01-10 03:00,6
8,菜寮,新北市,6,一氧化氮,NO,ppb,2022-01-10 03:00,0.6
8,菜寮,新北市,7,二氧化氮,NO2,ppb,2022-01-10 03:00,5.6
10,淡水,新北市,14,溫度,AMB_TEMP,℃,2022-01-10 03:00,16.1
10,淡水,新北市,17,大氣壓力,PRESSURE,hPa,2022-01-10 03:00,761
2,汐止,新北市,6,一氧化氮,NO,ppb,2022-01-10 04:00,0.6
2,汐止,新北市,7,二氧化氮,NO2,ppb,2022-01-10 04:00,8.7
2,汐止,新北市,14,溫度,AMB_TEMP,℃,2022-01-10 04:00,15.9
2,汐止,新北市,23,雨量,RAINFALL,mm,2022-01-10 04:00,0
4,新店,新北市,14,溫度,AMB_TEMP,℃,2022-01-10 04:00,16.6
4,新店,新北市,23,雨量,RAINFALL,mm,2022-01-10 04:00,0
8,菜寮,新北市,4,懸浮微粒,PM10,μg/m3,2022-01-10 04:00,7
8,菜寮,新北市,5,氮氧化物,NOx,ppb,2022-01-10 04:00,6
8,菜寮,新北市,7,二氧化氮,NO2,ppb,2022-01-10 04:00,5.4
8,菜寮,新北市,10,風速,WIND_SPEED,m/sec,2022-01-10 04:00,1.9
2,汐止,新北市,7,二氧化氮,NO2,ppb,2022-01-10 04:00,8.7
2,汐止,新北市,10,風速,WIND_SPEED,m/sec,2022-01-10 04:00,0.5
2,汐止,新北市,14,溫度,AMB_TEMP,℃,2022-01-10 04:00,15.9
2,汐止,新北市,23,雨量,RAINFALL,mm,2022-01-10 04:00,0
6,板橋,新北市,8,總碳氫化物,THC,ppm,2022-01-10 04:00,2
8,菜寮,新北市,3,臭氧,O3,ppb,2022-01-10 04:00,36.7
2,汐止,新北市,14,溫度,AMB_TEMP,℃,2022-01-10 02:00,16
8,菜寮,新北市,5,氮氧化物,NOx,ppb,2022-01-10 04:00,6
8,菜寮,新北市,10,風速,WIND_SPEED,m/sec,2022-01-10 04:00,1.9
10,淡水,新北市,7,二氧化氮,NO2,ppb,2022-01-10 04:00,1.5
3,萬里,新北市,5,氮氧化物,NOx,ppb,2022-01-10 05:00,2.6
8,菜寮,新北市,10,風速,WIND_SPEED,m/sec,2022-01-10 00:00,1.9
10,淡水,新北市,23,雨量,RAINFALL,mm,2022-01-10 04:00,0
10,淡水,新北市,10,風速,WIND_SPEED,m/sec,2022-01-10 04:00,1.4
10,淡水,新北市,11,風向,WIND_DIREC,degrees,2022-01-10 04:00,70
10,淡水,新北市,14,溫度,AMB_TEMP,℃,2022-01-10 04:00,16.2
8,菜寮,新北市,23,雨量,RAINFALL,mm,2022-01-10 00:00,0.0
10,淡水,新北市,17,大氣壓力,PRESSURE,hPa,2022-01-10 00:00,762.0
8,菜寮,新北市,3,臭氧,O3,ppb,2022-01-10 02:00,35.8
2,汐止,新北市,1,二氧化硫,SO2,ppb,2022-01-10 01:00,2.1
8,菜寮,新北市,4,懸浮微粒,PM10,μg/m3,2022-01-10 02:00,9
3,萬里,新北市,7,二氧化氮,NO2,ppb,2022-01-10 05:00,2.5
5,土城,新北市,6,一氧化氮,NO,ppb,2022-01-10 05:00,0.5
5,土城,新北市,7,二氧化氮,NO2,ppb,2022-01-10 05:00,4.4
2,汐止,新北市,7,二氧化氮,NO2,ppb,2022-01-10 05:00,11.6
2,汐止,新北市,10,風速,WIND_SPEED,m/sec,2022-01-10 05:00,1.9
4,新店,新北市,7,二氧化氮,NO2,ppb,2022-01-10 05:00,4.6
4,新店,新北市,10,風速,WIND_SPEED,m/sec,2022-01-10 05:00,1.4
6,板橋,新北市,7,二氧化氮,NO2,ppb,2022-01-10 05:00,5.4
6,板橋,新北市,8,總碳氫化物,THC,ppm,2022-01-10 05:00,2.0
8,菜寮,新北市,4,懸浮微粒,PM10,μg/m3,2022-01-10 05:00,6.0
8,菜寮,新北市,5,氮氧化物,NOx,ppb,2022-01-10 05:00,5.8
2,汐止,新北市,7,二氧化氮,NO2,ppb,2022-01-10 02:00,11.3
8,菜寮,新北市,7,二氧化氮,NO2,ppb,2022-01-10 05:00,5.2
10,淡水,新北市,7,二氧化氮,NO2,ppb,2022-01-10 05:00,2.1
10,淡水,新北市,10,風速,WIND_SPEED,m/sec,2022-01-10 05:00,1.5
2,汐止,新北市,3,臭氧,O3,ppb,2022-01-10 02:00,30.1
2,汐止,新北市,10,風速,WIND_SPEED,m/sec,2022-01-10 06:00,1.1
4,新店,新北市,10,風速,WIND_SPEED,m/sec,2022-01-10 06:00,1.0
4,新店,新北市,7,二氧化氮,NO2,ppb,2022-01-10 06:00,9.0
6,板橋,新北市,5,氮氧化物,NOx,ppb,2022-01-10 06:00,13.6
6,板橋,新北市,6,一氧化氮,NO,ppb,2022-01-10 06:00,1.1
6,板橋,新北市,8,總碳氫化物,THC,ppm,2022-01-10 06:00,2.0
8,菜寮,新北市,3,臭氧,O3,ppb,2022-01-10 06:00,30.9
8,菜寮,新北市,7,二氧化氮,NO2,ppb,2022-01-10 06:00,9.2
8,菜寮,新北市,10,風速,WIND_SPEED,m/sec,2022-01-10 06:00,2.9
10,淡水,新北市,7,二氧化氮,NO2,ppb,2022-01-10 06:00,5.4
70,永和,新北市,31,甲烷,CH4,ppm,2022-01-10 06:00,2.02
2,汐止,新北市,10,風速,WIND_SPEED,m/sec,2022-01-10 06:00,1.1
4,新店,新北市,6,一氧化氮,NO,ppb,2022-01-10 06:00,0.3
4,新店,新北市,10,風速,WIND_SPEED,m/sec,2022-01-10 06:00,1.0
6,板橋,新北市,4,懸浮微粒,PM10,μg/m3,2022-01-10 06:00,16.0
8,菜寮,新北市,4,懸浮微粒,PM10,μg/m3,2022-01-10 06:00,8.0
8,菜寮,新北市,5,氮氧化物,NOx,ppb,2022-01-10 06:00,10.0
8,菜寮,新北市,6,一氧化氮,NO,ppb,2022-01-10 06:00,0.8
8,菜寮,新北市,7,二氧化氮,NO2,ppb,2022-01-10 06:00,9.2
10,淡水,新北市,10,風速,WIND_SPEED,m/sec,2022-01-10 06:00,0.9
70,永和,新北市,10,風速,WIND_SPEED,m/sec,2022-01-10 06:00,1.9
2,汐止,新北市,10,風速,WIND_SPEED,m/sec,2022-01-10 07:00,0.6
2,汐止,新北市,7,二氧化氮,NO2,ppb,2022-01-10 07:00,34.0
4,新店,新北市,10,風速,WIND_SPEED,m/sec,2022-01-10 07:00,1.1
6,板橋,新北市,4,懸浮微粒,PM10,μg/m3,2022-01-10 07:00,14.0
6,板橋,新北市,6,一氧化氮,NO,ppb,2022-01-10 07:00,2.9
6,板橋,新北市,7,二氧化氮,NO2,ppb,2022-01-10 07:00,22.3
8,菜寮,新北市,4,懸浮微粒,PM10,μg/m3,2022-01-10 07:00,10.0
8,菜寮,新北市,5,氮氧化物,NOx,ppb,2022-01-10 07:00,17.0
8,菜寮,新北市,7,二氧化氮,NO2,ppb,2022-01-10 07:00,15.1
8,菜寮,新北市,10,風速,WIND_SPEED,m/sec,2022-01-10 07:00,2.6
4,新店,新北市,7,二氧化氮,NO2,ppb,2022-01-10 07:00,19.3
4,新店,新北市,10,風速,WIND_SPEED,m/sec,2022-01-10 07:00,1.1
6,板橋,新北市,5,氮氧化物,NOx,ppb,2022-01-10 07:00,25.3
6,板橋,新北市,6,一氧化氮,NO,ppb,2022-01-10 07:00,2.9
8,菜寮,新北市,3,臭氧,O3,ppb,2022-01-10 07:00,26.0
8,菜寮,新北市,4,懸浮微粒,PM10,μg/m3,2022-01-10 07:00,10.0
2,汐止,新北市,10,風速,WIND_SPEED,m/sec,2022-01-10 01:00,1.7
2,汐止,新北市,11,風向,WIND_DIREC,degrees,2022-01-10 01:00,27
8,菜寮,新北市,6,一氧化氮,NO,ppb,2022-01-10 07:00,1.9
8,菜寮,新北市,5,氮氧化物,NOx,ppb,2022-01-10 07:00,17.0
8,菜寮,新北市,7,二氧化氮,NO2,ppb,2022-01-10 07:00,15.1
2,汐止,新北市,23,雨量,RAINFALL,mm,2022-01-10 02:00,0
70,永和,新北市,10,風速,WIND_SPEED,m/sec,2022-01-10 07:00,1.9
10,淡水,新北市,10,風速,WIND_SPEED,m/sec,2022-01-10 07:00,0.8
6,板橋,新北市,6,一氧化氮,NO,ppb,2022-01-10 01:00,0.6
6,板橋,新北市,7,二氧化氮,NO2,ppb,2022-01-10 01:00,5.9
6,板橋,新北市,7,二氧化氮,NO2,ppb,2022-01-10 01:00,5.9
2,汐止,新北市,7,二氧化氮,NO2,ppb,2022-01-10 01:00,11.9
8,菜寮,新北市,7,二氧化氮,NO2,ppb,2022-01-10 00:00,11.8
10,淡水,新北市,7,二氧化氮,NO2,ppb,2022-01-10 01:00,1.7
2,汐止,新北市,10,風速,WIND_SPEED,m/sec,2022-01-10 01:00,1.7
2,汐止,新北市,11,風向,WIND_DIREC,degrees,2022-01-10 01:00,27
2,汐止,新北市,23,雨量,RAINFALL,mm,2022-01-10 01:00,0
6,板橋,新北市,4,懸浮微粒,PM10,μg/m3,2022-01-10 01:00,9
8,菜寮,新北市,3,臭氧,O3,ppb,2022-01-10 01:00,34.9
6,板橋,新北市,8,總碳氫化物,THC,ppm,2022-01-10 01:00,2
8,菜寮,新北市,4,懸浮微粒,PM10,μg/m3,2022-01-10 01:00,14
8,菜寮,新北市,5,氮氧化物,NOx,ppb,2022-01-10 01:00,9.9
8,菜寮,新北市,5,氮氧化物,NOx,ppb,2022-01-10 02:00,7.6
4,新店,新北市,144,小時風向值,WD_HR,degrees,2022-01-01 01:00,31
5,土城,新北市,1,二氧化硫,SO2,ppb,2022-01-01 01:00,0.6
5,土城,新北市,2,一氧化碳,CO,ppm,2022-01-01 01:00,0.3
4,新店,新北市,5,氮氧化物,NOx,ppb,2022-01-01 03:00,7
4,新店,新北市,6,一氧化氮,NO,ppb,2022-01-01 03:00,0.1
8,菜寮,新北市,4,懸浮微粒,PM10,μg/m3,2022-01-01 03:00,11
8,菜寮,新北市,5,氮氧化物,NOx,ppb,2022-01-01 03:00,8.7
5,土城,新北市,6,一氧化氮,NO,ppb,2022-01-01 01:00,0.6
5,土城,新北市,143,小時風速值,WS_HR,m/sec,2022-01-01 01:00,0.8
2,汐止,新北市,143,小時風速值,WS_HR,m/sec,2022-01-01 03:00,0.8
3,萬里,新北市,23,雨量,RAINFALL,mm,2022-01-01 03:00,0
5,土城,新北市,7,二氧化氮,NO2,ppb,2022-01-01 01:00,9.4
5,土城,新北市,8,總碳氫化物,THC,ppm,2022-01-01 01:00,2.22
5,土城,新北市,10,風速,WIND_SPEED,m/sec,2022-01-01 01:00,0.9
5,土城,新北市,11,風向,WIND_DIREC,degrees,2022-01-01 01:00,13
10,淡水,新北市,7,二氧化氮,NO2,ppb,2022-01-10 01:00,1.7
8,菜寮,新北市,10,風速,WIND_SPEED,m/sec,2022-01-10 01:00,2.2
10,淡水,新北市,10,風速,WIND_SPEED,m/sec,2022-01-10 01:00,2.4
10,淡水,新北市,11,風向,WIND_DIREC,degrees,2022-01-10 01:00,30
7,新莊,新北市,38,相對濕度,RH,%,2022-01-01 01:00,92
7,新莊,新北市,143,小時風速值,WS_HR,m/sec,2022-01-01 01:00,2.4
8,菜寮,新北市,1,二氧化硫,SO2,ppb,2022-01-01 01:00,0.9
8,菜寮,新北市,2,一氧化碳,CO,ppm,2022-01-01 01:00,0.31
8,菜寮,新北市,4,懸浮微粒,PM10,μg/m3,2022-01-01 01:00,7
8,菜寮,新北市,5,氮氧化物,NOx,ppb,2022-01-01 01:00,9.8
8,菜寮,新北市,6,一氧化氮,NO,ppb,2022-01-01 01:00,0.6
8,菜寮,新北市,7,二氧化氮,NO2,ppb,2022-01-01 01:00,9.1
10,淡水,新北市,14,溫度,AMB_TEMP,℃,2022-01-10 01:00,16.3
10,淡水,新北市,1,二氧化硫,SO2,ppb,2022-01-01 00:00,0.9
10,淡水,新北市,17,大氣壓力,PRESSURE,hPa,2022-01-10 01:00,761
8,菜寮,新北市,23,雨量,RAINFALL,mm,2022-01-01 01:00,0
6,板橋,新北市,4,懸浮微粒,PM10,μg/m3,2022-01-10 02:00,15
9,林口,新北市,144,小時風向值,WD_HR,degrees,2022-01-01 00:00,86
2,汐止,新北市,10,風速,WIND_SPEED,m/sec,2022-01-10 02:00,0.7
4,新店,新北市,4,懸浮微粒,PM10,μg/m3,2022-01-01 00:00,15
2,汐止,新北市,5,氮氧化物,NOx,ppb,2022-01-10 02:00,12
4,新店,新北市,3,臭氧,O3,ppb,2022-01-01 00:00,30.4
67,三重,新北市,6,一氧化氮,NO,ppb,2022-01-01 01:00,9.2
10,淡水,新北市,23,雨量,RAINFALL,mm,2022-01-10 01:00,0
67,三重,新北市,8,總碳氫化物,THC,ppm,2022-01-01 01:00,2.22
67,三重,新北市,9,非甲烷碳氫化合物,NMHC,ppm,2022-01-01 01:00,0.16
67,三重,新北市,31,甲烷,CH4,ppm,2022-01-01 01:00,2.06
67,三重,新北市,23,雨量,RAINFALL,mm,2022-01-01 01:00,0
3,萬里,新北市,11,風向,WIND_DIREC,degrees,2022-01-01 00:00,51
3,萬里,新北市,10,風速,WIND_SPEED,m/sec,2022-01-01 00:00,6.1
3,萬里,新北市,14,溫度,AMB_TEMP,℃,2022-01-01 00:00,15.2
3,萬里,新北市,23,雨量,RAINFALL,mm,2022-01-01 00:00,0.5
3,萬里,新北市,33,細懸浮微粒,PM2.5,μg/m3,2022-01-01 00:00,11
8,菜寮,新北市,6,一氧化氮,NO,ppb,2022-01-10 02:00,0.6
3,萬里,新北市,143,小時風速值,WS_HR,m/sec,2022-01-01 00:00,6.1
3,萬里,新北市,144,小時風向值,WD_HR,degrees,2022-01-01 00:00,51
4,新店,新北市,6,一氧化氮,NO,ppb,2022-01-01 00:00,0.5
4,新店,新北市,7,二氧化氮,NO2,ppb,2022-01-01 00:00,8.1
4,新店,新北市,11,風向,WIND_DIREC,degrees,2022-01-01 00:00,53
4,新店,新北市,14,溫度,AMB_TEMP,℃,2022-01-01 00:00,15.1
4,新店,新北市,38,相對濕度,RH,%,2022-01-01 00:00,95
4,新店,新北市,143,小時風速值,WS_HR,m/sec,2022-01-01 00:00,0.9
4,新店,新北市,144,小時風向值,WD_HR,degrees,2022-01-01 00:00,42
5,土城,新北市,1,二氧化硫,SO2,ppb,2022-01-01 00:00,0.8
5,土城,新北市,4,懸浮微粒,PM10,μg/m3,2022-01-01 00:00,14
5,土城,新北市,5,氮氧化物,NOx,ppb,2022-01-01 00:00,10.1
5,土城,新北市,7,二氧化氮,NO2,ppb,2022-01-01 00:00,9.6
5,土城,新北市,8,總碳氫化物,THC,ppm,2022-01-01 00:00,2.22
5,土城,新北市,10,風速,WIND_SPEED,m/sec,2022-01-01 00:00,1.4
5,土城,新北市,11,風向,WIND_DIREC,degrees,2022-01-01 00:00,4
5,土城,新北市,23,雨量,RAINFALL,mm,2022-01-01 00:00,0
5,土城,新北市,31,甲烷,CH4,ppm,2022-01-01 00:00,2.12
6,板橋,新北市,1,二氧化硫,SO2,ppb,2022-01-01 00:00,1
5,土城,新北市,144,小時風向值,WD_HR,degrees,2022-01-01 00:00,355
6,板橋,新北市,2,一氧化碳,CO,ppm,2022-01-01 00:00,0.27
6,板橋,新北市,3,臭氧,O3,ppb,2022-01-01 00:00,36.1
6,板橋,新北市,6,一氧化氮,NO,ppb,2022-01-01 00:00,0.3
6,板橋,新北市,7,二氧化氮,NO2,ppb,2022-01-01 00:00,10.2
6,板橋,新北市,9,非甲烷碳氫化合物,NMHC,ppm,2022-01-01 00:00,0.06
6,板橋,新北市,10,風速,WIND_SPEED,m/sec,2022-01-01 00:00,1.9
6,板橋,新北市,31,甲烷,CH4,ppm,2022-01-01 00:00,2
6,板橋,新北市,32,降雨強度,RAIN_INT,㎜,2022-01-01 00:00,0
6,板橋,新北市,38,相對濕度,RH,%,2022-01-01 00:00,85
6,板橋,新北市,143,小時風速值,WS_HR,m/sec,2022-01-01 00:00,1.2
7,新莊,新北市,1,二氧化硫,SO2,ppb,2022-01-01 00:00,1.1
6,板橋,新北市,5,氮氧化物,NOx,ppb,2022-01-10 02:00,7.3
7,新莊,新北市,2,一氧化碳,CO,ppm,2022-01-01 00:00,0.22
7,新莊,新北市,3,臭氧,O3,ppb,2022-01-01 00:00,37.5
7,新莊,新北市,10,風速,WIND_SPEED,m/sec,2022-01-01 00:00,3
7,新莊,新北市,11,風向,WIND_DIREC,degrees,2022-01-01 00:00,76
7,新莊,新北市,23,雨量,RAINFALL,mm,2022-01-01 00:00,0
7,新莊,新北市,33,細懸浮微粒,PM2.5,μg/m3,2022-01-01 00:00,12
7,新莊,新北市,143,小時風速值,WS_HR,m/sec,2022-01-01 00:00,2.9
7,新莊,新北市,144,小時風向值,WD_HR,degrees,2022-01-01 00:00,86
8,菜寮,新北市,1,二氧化硫,SO2,ppb,2022-01-01 00:00,0.4
8,菜寮,新北市,2,一氧化碳,CO,ppm,2022-01-01 00:00,0.25
8,菜寮,新北市,6,一氧化氮,NO,ppb,2022-01-01 00:00,0.7
8,菜寮,新北市,5,氮氧化物,NOx,ppb,2022-01-01 00:00,8.1
8,菜寮,新北市,7,二氧化氮,NO2,ppb,2022-01-01 00:00,7.4
8,菜寮,新北市,10,風速,WIND_SPEED,m/sec,2022-01-01 00:00,2.2
8,菜寮,新北市,23,雨量,RAINFALL,mm,2022-01-01 00:00,0
8,菜寮,新北市,33,細懸浮微粒,PM2.5,μg/m3,2022-01-01 00:00,8
8,菜寮,新北市,144,小時風向值,WD_HR,degrees,2022-01-01 00:00,108
8,菜寮,新北市,143,小時風速值,WS_HR,m/sec,2022-01-01 00:00,2.3
9,林口,新北市,7,二氧化氮,NO2,ppb,2022-01-01 00:00,6.8
70,永和,新北市,23,雨量,RAINFALL,mm,2022-01-01 01:00,0
9,林口,新北市,3,臭氧,O3,ppb,2022-01-01 00:00,39.2
4,新店,新北市,143,小時風速值,WS_HR,m/sec,2022-01-01 03:00,0.6
8,菜寮,新北市,7,二氧化氮,NO2,ppb,2022-01-10 02:00,7
9,林口,新北市,4,懸浮微粒,PM10,μg/m3,2022-01-01 00:00,7
9,林口,新北市,33,細懸浮微粒,PM2.5,μg/m3,2022-01-01 00:00,9
9,林口,新北市,5,氮氧化物,NOx,ppb,2022-01-01 00:00,7.3
9,林口,新北市,23,雨量,RAINFALL,mm,2022-01-01 00:00,0
9,林口,新北市,10,風速,WIND_SPEED,m/sec,2022-01-01 00:00,3.2
2,汐止,新北市,144,小時風向值,WD_HR,degrees,2022-01-01 03:00,46
3,萬里,新北市,1,二氧化硫,SO2,ppb,2022-01-01 03:00,0.4
9,林口,新北市,11,風向,WIND_DIREC,degrees,2022-01-01 00:00,84
9,林口,新北市,14,溫度,AMB_TEMP,℃,2022-01-01 00:00,13.5
4,新店,新北市,14,溫度,AMB_TEMP,℃,2022-01-10 00:00,16.6
3,萬里,新北市,5,氮氧化物,NOx,ppb,2022-01-01 03:00,2.6
8,菜寮,新北市,10,風速,WIND_SPEED,m/sec,2022-01-10 02:00,2.1
10,淡水,新北市,2,一氧化碳,CO,ppm,2022-01-01 00:00,0.26
3,萬里,新北市,38,相對濕度,RH,%,2022-01-01 03:00,84
5,土城,新北市,8,總碳氫化物,THC,ppm,2022-01-01 03:00,2.22
10,淡水,新北市,3,臭氧,O3,ppb,2022-01-01 00:00,35.1
10,淡水,新北市,6,一氧化氮,NO,ppb,2022-01-01 00:00,1.4
4,新店,新北市,23,雨量,RAINFALL,mm,2022-01-10 00:00,0.0
10,淡水,新北市,4,懸浮微粒,PM10,μg/m3,2022-01-01 00:00,16
10,淡水,新北市,7,二氧化氮,NO2,ppb,2022-01-01 00:00,6.4
67,三重,新北市,4,懸浮微粒,PM10,μg/m3,2022-01-01 00:00,15
70,永和,新北市,1,二氧化硫,SO2,ppb,2022-01-01 03:00,0.5
70,永和,新北市,2,一氧化碳,CO,ppm,2022-01-01 03:00,0.26
10,淡水,新北市,33,細懸浮微粒,PM2.5,μg/m3,2022-01-01 00:00,8
67,三重,新北市,1,二氧化硫,SO2,ppb,2022-01-01 00:00,0.4
67,三重,新北市,3,臭氧,O3,ppb,2022-01-01 00:00,26.9
67,三重,新北市,2,一氧化碳,CO,ppm,2022-01-01 00:00,0.55
67,三重,新北市,6,一氧化氮,NO,ppb,2022-01-01 00:00,9.3
67,三重,新北市,7,二氧化氮,NO2,ppb,2022-01-01 00:00,17.1
67,三重,新北市,8,總碳氫化物,THC,ppm,2022-01-01 00:00,2.16
70,永和,新北市,14,溫度,AMB_TEMP,℃,2022-01-01 02:00,15.0
67,三重,新北市,23,雨量,RAINFALL,mm,2022-01-01 00:00,0
70,永和,新北市,14,溫度,AMB_TEMP,℃,2022-01-01 03:00,15.1
67,三重,新北市,14,溫度,AMB_TEMP,℃,2022-01-01 00:00,15.8
67,三重,新北市,9,非甲烷碳氫化合物,NMHC,ppm,2022-01-01 00:00,0.13
2,汐止,新北市,4,懸浮微粒,PM10,μg/m3,2022-01-10 02:00,9
6,板橋,新北市,8,總碳氫化物,THC,ppm,2022-01-10 00:00,2.04
67,三重,新北市,33,細懸浮微粒,PM2.5,μg/m3,2022-01-01 00:00,14
70,永和,新北市,6,一氧化氮,NO,ppb,2022-01-01 00:00,1.7
67,三重,新北市,38,相對濕度,RH,%,2022-01-01 00:00,85
70,永和,新北市,1,二氧化硫,SO2,ppb,2022-01-01 00:00,1.5
70,永和,新北市,3,臭氧,O3,ppb,2022-01-01 00:00,33.7
70,永和,新北市,4,懸浮微粒,PM10,μg/m3,2022-01-01 00:00,18
2,汐止,新北市,2,一氧化碳,CO,ppm,2022-01-10 02:00,0.18
70,永和,新北市,33,細懸浮微粒,PM2.5,μg/m3,2022-01-01 00:00,18
70,永和,新北市,143,小時風速值,WS_HR,m/sec,2022-01-01 01:00,1
70,永和,新北市,144,小時風向值,WD_HR,degrees,2022-01-01 01:00,94
84,富貴角,新北市,3,臭氧,O3,ppb,2022-01-01 01:00,49.7
84,富貴角,新北市,4,懸浮微粒,PM10,μg/m3,2022-01-01 01:00,41
6,板橋,新北市,6,一氧化氮,NO,ppb,2022-01-10 02:00,0.3
84,富貴角,新北市,5,氮氧化物,NOx,ppb,2022-01-01 01:00,1.3
70,永和,新北市,31,甲烷,CH4,ppm,2022-01-01 00:00,2.02
3,萬里,新北市,4,懸浮微粒,PM10,μg/m3,2022-01-01 02:00,40.0
3,萬里,新北市,6,一氧化氮,NO,ppb,2022-01-01 02:00,0.4
3,萬里,新北市,7,二氧化氮,NO2,ppb,2022-01-01 02:00,2.1
70,永和,新北市,9,非甲烷碳氫化合物,NMHC,ppm,2022-01-01 00:00,0.09
70,永和,新北市,23,雨量,RAINFALL,mm,2022-01-01 00:00,0
70,永和,新北市,14,溫度,AMB_TEMP,℃,2022-01-01 00:00,15
70,永和,新北市,11,風向,WIND_DIREC,degrees,2022-01-01 00:00,86
70,永和,新北市,38,相對濕度,RH,%,2022-01-01 00:00,94
84,富貴角,新北市,9,非甲烷碳氫化合物,NMHC,ppm,2022-01-01 00:00,0.01
84,富貴角,新北市,11,風向,WIND_DIREC,degrees,2022-01-01 00:00,112
5,土城,新北市,14,溫度,AMB_TEMP,℃,2022-01-01 02:00,15.8
5,土城,新北市,31,甲烷,CH4,ppm,2022-01-01 02:00,2.13
5,土城,新北市,33,細懸浮微粒,PM2.5,μg/m3,2022-01-01 02:00,7.0
7,新莊,新北市,33,細懸浮微粒,PM2.5,μg/m3,2022-01-01 02:00,9.0
5,土城,新北市,143,小時風速值,WS_HR,m/sec,2022-01-01 02:00,0.7
70,永和,新北市,143,小時風速值,WS_HR,m/sec,2022-01-01 00:00,1.2
84,富貴角,新北市,3,臭氧,O3,ppb,2022-01-01 00:00,50.1
70,永和,新北市,144,小時風向值,WD_HR,degrees,2022-01-01 00:00,89
84,富貴角,新北市,1,二氧化硫,SO2,ppb,2022-01-01 00:00,x
84,富貴角,新北市,4,懸浮微粒,PM10,μg/m3,2022-01-01 00:00,30
84,富貴角,新北市,5,氮氧化物,NOx,ppb,2022-01-01 00:00,0.9
84,富貴角,新北市,6,一氧化氮,NO,ppb,2022-01-01 00:00,0
6,板橋,新北市,7,二氧化氮,NO2,ppb,2022-01-10 02:00,7
2,汐止,新北市,11,風向,WIND_DIREC,degrees,2022-01-10 02:00,28
84,富貴角,新北市,14,溫度,AMB_TEMP,℃,2022-01-01 00:00,15.4
84,富貴角,新北市,23,雨量,RAINFALL,mm,2022-01-01 00:00,0
84,富貴角,新北市,17,大氣壓力,PRESSURE,hPa,2022-01-01 00:00,767
84,富貴角,新北市,33,細懸浮微粒,PM2.5,μg/m3,2022-01-01 00:00,11
84,富貴角,新北市,38,相對濕度,RH,%,2022-01-01 00:00,82
2,汐止,新北市,11,風向,WIND_DIREC,degrees,2022-01-01 00:00,17
2,汐止,新北市,14,溫度,AMB_TEMP,℃,2022-01-01 00:00,14.8
2,汐止,新北市,38,相對濕度,RH,%,2022-01-01 00:00,95
2,汐止,新北市,143,小時風速值,WS_HR,m/sec,2022-01-01 00:00,1.5
3,萬里,新北市,1,二氧化硫,SO2,ppb,2022-01-01 00:00,0.3
3,萬里,新北市,2,一氧化碳,CO,ppm,2022-01-01 00:00,0.19
3,萬里,新北市,6,一氧化氮,NO,ppb,2022-01-01 00:00,0.9
3,萬里,新北市,5,氮氧化物,NOx,ppb,2022-01-01 00:00,2.9
3,萬里,新北市,7,二氧化氮,NO2,ppb,2022-01-01 00:00,2
70,永和,新北市,31,甲烷,CH4,ppm,2022-01-01 02:00,2.04
3,萬里,新北市,11,風向,WIND_DIREC,degrees,2022-01-01 00:00,51
3,萬里,新北市,14,溫度,AMB_TEMP,℃,2022-01-01 00:00,15.2
3,萬里,新北市,32,降雨強度,RAIN_INT,㎜,2022-01-01 00:00,0.5
3,萬里,新北市,33,細懸浮微粒,PM2.5,μg/m3,2022-01-01 00:00,11
3,萬里,新北市,144,小時風向值,WD_HR,degrees,2022-01-01 00:00,51
4,新店,新北市,1,二氧化硫,SO2,ppb,2022-01-01 00:00,0.6
4,新店,新北市,2,一氧化碳,CO,ppm,2022-01-01 00:00,0.21
4,新店,新北市,3,臭氧,O3,ppb,2022-01-01 00:00,30.4
4,新店,新北市,5,氮氧化物,NOx,ppb,2022-01-01 00:00,8.7
4,新店,新北市,6,一氧化氮,NO,ppb,2022-01-01 00:00,0.5
4,新店,新北市,7,二氧化氮,NO2,ppb,2022-01-01 00:00,8.1
8,菜寮,新北市,4,懸浮微粒,PM10,μg/m3,2022-01-10 00:00,11.0
4,新店,新北市,11,風向,WIND_DIREC,degrees,2022-01-01 00:00,53
4,新店,新北市,14,溫度,AMB_TEMP,℃,2022-01-01 00:00,15.1
4,新店,新北市,33,細懸浮微粒,PM2.5,μg/m3,2022-01-01 00:00,11
4,新店,新北市,38,相對濕度,RH,%,2022-01-01 00:00,95
5,土城,新北市,6,一氧化氮,NO,ppb,2022-01-01 00:00,0.4
5,土城,新北市,14,溫度,AMB_TEMP,℃,2022-01-01 00:00,15.5
4,新店,新北市,5,氮氧化物,NOx,ppb,2022-01-01 02:00,7.6
4,新店,新北市,6,一氧化氮,NO,ppb,2022-01-01 02:00,0.3
5,土城,新北市,5,氮氧化物,NOx,ppb,2022-01-01 00:00,10.1
4,新店,新北市,10,風速,WIND_SPEED,m/sec,2022-01-01 02:00,0.6
5,土城,新北市,4,懸浮微粒,PM10,μg/m3,2022-01-01 00:00,14
4,新店,新北市,11,風向,WIND_DIREC,degrees,2022-01-01 02:00,70
5,土城,新北市,7,二氧化氮,NO2,ppb,2022-01-01 00:00,9.6
5,土城,新北市,8,總碳氫化物,THC,ppm,2022-01-01 00:00,2.22
5,土城,新北市,10,風速,WIND_SPEED,m/sec,2022-01-01 00:00,1.4
5,土城,新北市,11,風向,WIND_DIREC,degrees,2022-01-01 00:00,4
4,新店,新北市,143,小時風速值,WS_HR,m/sec,2022-01-01 02:00,0.7
4,新店,新北市,144,小時風向值,WD_HR,degrees,2022-01-01 02:00,49
5,土城,新北市,1,二氧化硫,SO2,ppb,2022-01-01 02:00,0.6
5,土城,新北市,2,一氧化碳,CO,ppm,2022-01-01 02:00,0.27
5,土城,新北市,23,雨量,RAINFALL,mm,2022-01-01 00:00,0
5,土城,新北市,31,甲烷,CH4,ppm,2022-01-01 00:00,2.12
5,土城,新北市,38,相對濕度,RH,%,2022-01-01 00:00,92
5,土城,新北市,143,小時風速值,WS_HR,m/sec,2022-01-01 00:00,0.7
6,板橋,新北市,2,一氧化碳,CO,ppm,2022-01-01 00:00,0.27
6,板橋,新北市,3,臭氧,O3,ppb,2022-01-01 00:00,36.1
5,土城,新北市,6,一氧化氮,NO,ppb,2022-01-01 02:00,0.5
5,土城,新北市,11,風向,WIND_DIREC,degrees,2022-01-01 02:00,354
5,土城,新北市,7,二氧化氮,NO2,ppb,2022-01-01 02:00,8.9
70,永和,新北市,9,非甲烷碳氫化合物,NMHC,ppm,2022-01-01 02:00,0.06
5,土城,新北市,8,總碳氫化物,THC,ppm,2022-01-01 02:00,2.22
3,萬里,新北市,6,一氧化氮,NO,ppb,2022-01-01 03:00,0.4
3,萬里,新北市,11,風向,WIND_DIREC,degrees,2022-01-01 03:00,59.0
3,萬里,新北市,14,溫度,AMB_TEMP,℃,2022-01-01 03:00,15.9
3,萬里,新北市,32,降雨強度,RAIN_INT,㎜,2022-01-01 03:00,0.0
5,土城,新北市,11,風向,WIND_DIREC,degrees,2022-01-01 03:00,328.0
10,淡水,新北市,7,二氧化氮,NO2,ppb,2022-01-10 02:00,1.5
6,板橋,新北市,33,細懸浮微粒,PM2.5,μg/m3,2022-01-01 00:00,31
7,新莊,新北市,38,相對濕度,RH,%,2022-01-01 02:00,91
5,土城,新北市,10,風速,WIND_SPEED,m/sec,2022-01-01 02:00,1.5
70,永和,新北市,14,溫度,AMB_TEMP,℃,2022-01-01 02:00,15
70,永和,新北市,11,風向,WIND_DIREC,degrees,2022-01-01 02:00,103
5,土城,新北市,9,非甲烷碳氫化合物,NMHC,ppm,2022-01-01 02:00,0.09
70,永和,新北市,31,甲烷,CH4,ppm,2022-01-01 02:00,2.04
6,板橋,新北市,7,二氧化氮,NO2,ppb,2022-01-01 00:00,10.2
6,板橋,新北市,32,降雨強度,RAIN_INT,㎜,2022-01-01 00:00,0
6,板橋,新北市,4,懸浮微粒,PM10,μg/m3,2022-01-01 00:00,37
6,板橋,新北市,5,氮氧化物,NOx,ppb,2022-01-01 00:00,10.5
6,板橋,新北市,8,總碳氫化物,THC,ppm,2022-01-01 00:00,2.06
6,板橋,新北市,9,非甲烷碳氫化合物,NMHC,ppm,2022-01-01 00:00,0.06
6,板橋,新北市,11,風向,WIND_DIREC,degrees,2022-01-01 00:00,94
6,板橋,新北市,14,溫度,AMB_TEMP,℃,2022-01-01 00:00,15.2
6,板橋,新北市,38,相對濕度,RH,%,2022-01-01 00:00,85
6,板橋,新北市,143,小時風速值,WS_HR,m/sec,2022-01-01 00:00,1.2
7,新莊,新北市,1,二氧化硫,SO2,ppb,2022-01-01 00:00,1.1
7,新莊,新北市,2,一氧化碳,CO,ppm,2022-01-01 00:00,0.22
7,新莊,新北市,4,懸浮微粒,PM10,μg/m3,2022-01-01 00:00,21
7,新莊,新北市,5,氮氧化物,NOx,ppb,2022-01-01 00:00,8
7,新莊,新北市,7,二氧化氮,NO2,ppb,2022-01-01 00:00,7.2
7,新莊,新北市,10,風速,WIND_SPEED,m/sec,2022-01-01 00:00,3
7,新莊,新北市,33,細懸浮微粒,PM2.5,μg/m3,2022-01-01 00:00,12
7,新莊,新北市,38,相對濕度,RH,%,2022-01-01 00:00,90
7,新莊,新北市,144,小時風向值,WD_HR,degrees,2022-01-01 00:00,86
8,菜寮,新北市,1,二氧化硫,SO2,ppb,2022-01-01 00:00,0.4
8,菜寮,新北市,4,懸浮微粒,PM10,μg/m3,2022-01-01 00:00,6
8,菜寮,新北市,5,氮氧化物,NOx,ppb,2022-01-01 00:00,8.1
8,菜寮,新北市,6,一氧化氮,NO,ppb,2022-01-01 00:00,0.7
8,菜寮,新北市,7,二氧化氮,NO2,ppb,2022-01-01 00:00,7.4
8,菜寮,新北市,38,相對濕度,RH,%,2022-01-01 00:00,87
8,菜寮,新北市,143,小時風速值,WS_HR,m/sec,2022-01-01 00:00,2.3
9,林口,新北市,2,一氧化碳,CO,ppm,2022-01-01 00:00,0.21
9,林口,新北市,1,二氧化硫,SO2,ppb,2022-01-01 00:00,0.9
9,林口,新北市,3,臭氧,O3,ppb,2022-01-01 00:00,39.2
9,林口,新北市,4,懸浮微粒,PM10,μg/m3,2022-01-01 00:00,7
9,林口,新北市,6,一氧化氮,NO,ppb,2022-01-01 00:00,0.4
9,林口,新北市,7,二氧化氮,NO2,ppb,2022-01-01 00:00,6.8
8,菜寮,新北市,5,氮氧化物,NOx,ppb,2022-01-10 00:00,12.4
9,林口,新北市,11,風向,WIND_DIREC,degrees,2022-01-01 00:00,84
9,林口,新北市,23,雨量,RAINFALL,mm,2022-01-01 00:00,0
9,林口,新北市,33,細懸浮微粒,PM2.5,μg/m3,2022-01-01 00:00,9
9,林口,新北市,144,小時風向值,WD_HR,degrees,2022-01-01 00:00,86
10,淡水,新北市,1,二氧化硫,SO2,ppb,2022-01-01 00:00,0.9
10,淡水,新北市,3,臭氧,O3,ppb,2022-01-01 00:00,35.1
10,淡水,新北市,4,懸浮微粒,PM10,μg/m3,2022-01-01 00:00,16
3,萬里,新北市,4,懸浮微粒,PM10,μg/m3,2022-01-10 02:00,28
10,淡水,新北市,11,風向,WIND_DIREC,degrees,2022-01-01 00:00,x
10,淡水,新北市,17,大氣壓力,PRESSURE,hPa,2022-01-01 00:00,x
10,淡水,新北市,33,細懸浮微粒,PM2.5,μg/m3,2022-01-01 00:00,8
67,三重,新北市,3,臭氧,O3,ppb,2022-01-01 00:00,26.9
67,三重,新北市,4,懸浮微粒,PM10,μg/m3,2022-01-01 00:00,15
67,三重,新北市,6,一氧化氮,NO,ppb,2022-01-01 00:00,9.3
67,三重,新北市,7,二氧化氮,NO2,ppb,2022-01-01 00:00,17.1
67,三重,新北市,14,溫度,AMB_TEMP,℃,2022-01-01 00:00,15.8
67,三重,新北市,23,雨量,RAINFALL,mm,2022-01-01 00:00,0
67,三重,新北市,33,細懸浮微粒,PM2.5,μg/m3,2022-01-01 00:00,14
67,三重,新北市,38,相對濕度,RH,%,2022-01-01 00:00,85
70,永和,新北市,2,一氧化碳,CO,ppm,2022-01-01 00:00,0.33
70,永和,新北市,3,臭氧,O3,ppb,2022-01-01 00:00,33.7
70,永和,新北市,10,風速,WIND_SPEED,m/sec,2022-01-01 00:00,1.2
5,土城,新北市,33,細懸浮微粒,PM2.5,μg/m3,2022-01-01 02:00,7
70,永和,新北市,11,風向,WIND_DIREC,degrees,2022-01-01 00:00,86
2,汐止,新北市,38,相對濕度,RH,%,2022-01-01 01:00,96
7,新莊,新北市,143,小時風速值,WS_HR,m/sec,2022-01-01 02:00,2.5
7,新莊,新北市,144,小時風向值,WD_HR,degrees,2022-01-01 02:00,91
70,永和,新北市,4,懸浮微粒,PM10,μg/m3,2022-01-01 00:00,18
70,永和,新北市,5,氮氧化物,NOx,ppb,2022-01-01 00:00,11
70,永和,新北市,7,二氧化氮,NO2,ppb,2022-01-01 00:00,9.2
70,永和,新北市,8,總碳氫化物,THC,ppm,2022-01-01 00:00,2.12
70,永和,新北市,14,溫度,AMB_TEMP,℃,2022-01-01 00:00,15
70,永和,新北市,23,雨量,RAINFALL,mm,2022-01-01 00:00,0
70,永和,新北市,31,甲烷,CH4,ppm,2022-01-01 00:00,2.02
70,永和,新北市,33,細懸浮微粒,PM2.5,μg/m3,2022-01-01 00:00,18
70,永和,新北市,143,小時風速值,WS_HR,m/sec,2022-01-01 00:00,1.2
70,永和,新北市,144,小時風向值,WD_HR,degrees,2022-01-01 00:00,89
84,富貴角,新北市,3,臭氧,O3,ppb,2022-01-01 00:00,50.1
84,富貴角,新北市,2,一氧化碳,CO,ppm,2022-01-01 00:00,0.17
84,富貴角,新北市,6,一氧化氮,NO,ppb,2022-01-01 00:00,0
84,富貴角,新北市,7,二氧化氮,NO2,ppb,2022-01-01 00:00,0.8
84,富貴角,新北市,10,風速,WIND_SPEED,m/sec,2022-01-01 00:00,6.6
84,富貴角,新北市,9,非甲烷碳氫化合物,NMHC,ppm,2022-01-01 00:00,0.01
84,富貴角,新北市,14,溫度,AMB_TEMP,℃,2022-01-01 00:00,15.4
84,富貴角,新北市,17,大氣壓力,PRESSURE,hPa,2022-01-01 00:00,767
84,富貴角,新北市,31,甲烷,CH4,ppm,2022-01-01 00:00,1.99
84,富貴角,新北市,33,細懸浮微粒,PM2.5,μg/m3,2022-01-01 00:00,11
8,菜寮,新北市,23,雨量,RAINFALL,mm,2022-01-01 02:00,0
8,菜寮,新北市,33,細懸浮微粒,PM2.5,μg/m3,2022-01-01 02:00,9
8,菜寮,新北市,143,小時風速值,WS_HR,m/sec,2022-01-01 02:00,2
67,三重,新北市,2,一氧化碳,CO,ppm,2022-01-01 02:00,0.51
67,三重,新北市,5,氮氧化物,NOx,ppb,2022-01-01 02:00,23.4
67,三重,新北市,6,一氧化氮,NO,ppb,2022-01-01 02:00,8.1
67,三重,新北市,8,總碳氫化物,THC,ppm,2022-01-01 02:00,2.2
67,三重,新北市,9,非甲烷碳氫化合物,NMHC,ppm,2022-01-01 02:00,0.11
67,三重,新北市,38,相對濕度,RH,%,2022-01-01 02:00,86
70,永和,新北市,1,二氧化硫,SO2,ppb,2022-01-01 02:00,0.6
2,汐止,新北市,33,細懸浮微粒,PM2.5,μg/m3,2022-01-01 01:00,10
70,永和,新北市,3,臭氧,O3,ppb,2022-01-01 02:00,35.9
70,永和,新北市,6,一氧化氮,NO,ppb,2022-01-01 02:00,0.7
70,永和,新北市,5,氮氧化物,NOx,ppb,2022-01-01 02:00,8
70,永和,新北市,7,二氧化氮,NO2,ppb,2022-01-01 02:00,7.3
70,永和,新北市,8,總碳氫化物,THC,ppm,2022-01-01 02:00,2.11
84,富貴角,新北市,143,小時風速值,WS_HR,m/sec,2022-01-01 00:00,4.1
3,萬里,新北市,1,二氧化硫,SO2,ppb,2022-01-03 00:00,0.9
